 Fecha ,Producto,Vendedor,Ciudad,Cantidad,MONTO
11/07/2026,Antena sectorial,Marta Ruiz,Medellin,3,$ 706.846
26/03/2025,ONT Fibra,MARTA RUIZ,Cali,3,$ 199.329
08/05/2026,Repetidor mesh,Luis Gomez,Barranquilla,4,$ 122.840
02/11/2025,ONT Fibra,Ana Torres,Medellin,5,$ 323.204
17/03/2026,Repetidor mesh,Luis Gomez,Medellin,4,$ 393.365
03/06/2026,ONT Fibra,Ana Torres,Medellin,4,$ 259.514
14/03/2026,Router WiFi 6,Carlos Pena,Medellin,7,$ 433.563
06/03/2026,Router WiFi 6,Luis Gomez,Barranquilla,8,$ 186.450
13/09/2025,Repetidor mesh,Carlos Pena,Medellin,8,$ 141.384
16/04/2026,Antena sectorial,Ana Torres,Medellin,6,$ 547.060
22/12/2025,Repetidor mesh,Luis Gomez,Bogota,8,$ 299.373
05/04/2025,ONT Fibra,Marta Ruiz,Cali,5,$ 297.207
14/06/2026,Switch 24p,Carlos Pena,Bogota,1,$ 333.954
27/05/2026,Antena sectorial,Marta Ruiz,Bogota,8,$ 329.315
14/02/2025,Repetidor mesh,Marta Ruiz,Medellin,1,$ 214.478
14/02/2026,ONT Fibra,Luis Gomez,Medellin,1,$ 719.166
12/02/2025,Switch 24p,Ana Torres,Barranquilla,3,$ 891.978
09/01/2026,Cable UTP Cat6,Marta Ruiz,Medellin,1,$ 432.937
19/12/2025,Router WiFi 6,Ana Torres,Cali,6,$ 330.331
18/01/2026,Router WiFi 6,Luis Gomez,Cali,2,$ 112.641
04/05/2025,Cable UTP Cat6,Marta Ruiz,Barranquilla,3,$ 227.931
30/06/2025,Antena sectorial,Marta Ruiz,Bucaramanga,1,$ 195.879
10/04/2025,Cable UTP Cat6,Marta Ruiz,Bogota,7,$ 195.817
16/01/2026,Router WiFi 6,Marta Ruiz,Barranquilla,2,$ 870.100
09/03/2026,Router WiFi 6,Ana Torres,Barranquilla,2,$ 537.135
08/01/2026,Switch 24p,Luis Gomez,Medellin,3,$ 103.464
18/06/2026,Cable UTP Cat6,Carlos Pena,Medellin,3,$ 538.482
24/12/2025,Cable UTP Cat6,Marta Ruiz,Bucaramanga,8,$ 356.841
21/05/2025,Repetidor mesh,Luis Gomez,Medellin,7,$ 135.697
15/01/2026,Switch 24p,Marta Ruiz,Medellin,8,$ 116.178
08/09/2025,Switch 24p,Luis Gomez,Cali,6,$ 94.114
03/10/2025,Router WiFi 6,Luis Gomez,Medellin,7,$ 82.728
13/01/2026,Router WiFi 6,Carlos Pena,Barranquilla,2,$ 582.719
27/02/2025,Repetidor mesh,Ana Torres,Bucaramanga,1,$ 243.593
02/06/2026,Cable UTP Cat6,Carlos Pena,Bogota,8,$ 89.227
25/11/2025,Router WiFi 6,Luis Gomez,Cali,8,$ 129.668
04/08/2025,Switch 24p,Luis Gomez,Medellin,1,$ 647.181
23/01/2025,ONT Fibra,Ana Torres,Medellin,5,$ 289.079
09/03/2026,ONT Fibra,Carlos Pena,Cali,1,$ 537.287
22/01/2025,Switch 24p,Marta Ruiz,Barranquilla,1,$ 200.071
26/07/2026,Cable UTP Cat6,Carlos Pena,Medellin,4,$ 1.170.596
03/03/2026,Switch 24p,Ana Torres,Cali,7,$ 318.821
22/04/2026,ONT Fibra,CARLOS PENA,Medellin,7,$ 610.726
27/05/2025,ONT Fibra,MARTA RUIZ,Medellin,1,$ 390.200
14/05/2026,Antena sectorial,Ana Torres,Barranquilla,7,$ 1.689.255
18/05/2026,Cable UTP Cat6,Luis Gomez,Cali,4,$ 363.879
26/06/2026,Antena sectorial,Carlos Pena,Barranquilla,1,$ 530.164
29/08/2025,ONT Fibra,Marta Ruiz,Bogota,2,-50.000
19/04/2025,Repetidor mesh,Carlos Pena,Barranquilla,1,$ 171.807
12/05/2026,Switch 24p,Luis Gomez,Medellin,1,$ 108.169
05/02/2025,Cable UTP Cat6,Ana Torres,Bogota,8,$ 186.725
16/02/2026,Switch 24p,Luis Gomez,Cali,3,$ 648.051
18/02/2026,Cable UTP Cat6,Ana Torres,Cali,4,$ 552.643
01/03/2025,Cable UTP Cat6,Carlos Pena,Medellin,7,$ 279.621
07/02/2025,Repetidor mesh,Marta Ruiz,Bogota,2,$ 123.029
02/03/2025,Router WiFi 6,Marta Ruiz,Barranquilla,5,$ 132.849
12/11/2025,Cable UTP Cat6,Marta Ruiz,Barranquilla,1,$ 466.078
16/05/2026,Cable UTP Cat6,Carlos Pena,Medellin,3,$ 230.492
28/08/2025,Repetidor mesh,Luis Gomez,Bucaramanga,6,$ 396.258
31/01/2026,Router WiFi 6,Luis Gomez,Bogota,5,$ 395.903
14/05/2025,Router WiFi 6,Carlos Pena,Cali,1,$ 573.308
13/03/2026,Antena sectorial,Luis Gomez,Bucaramanga,3,$ 187.573
26/09/2025,Router WiFi 6,Luis Gomez,Bogota,4,$ 190.260
01/05/2026,Switch 24p,Marta Ruiz,Bogota,2,$ 874.955
04/05/2026,Router WiFi 6,Carlos Pena,Barranquilla,4,$ 194.692
18/06/2025,Router WiFi 6,Luis Gomez,Cali,7,$ 62.405
12/06/2025,Router WiFi 6,Carlos Pena,Medellin,2,$ 109.259
23/02/2026,ONT Fibra,Carlos Pena,Medellin,2,$ 245.921
11/03/2025,Antena sectorial,Luis Gomez,Cali,4,$ 66.922
07/02/2026,Repetidor mesh,Marta Ruiz,Medellin,1,$ 106.951
29/03/2026,Repetidor mesh,Ana Torres,Medellin,4,$ 127.459
16/03/2026,Router WiFi 6,Marta Ruiz,Medellin,7,$ 452.385
03/07/2025,Router WiFi 6,Carlos Pena,Medellin,1,$ 325.894
28/05/2025,Repetidor mesh,Carlos Pena,Bucaramanga,5,$ 267.348
11/01/2025,Antena sectorial,Carlos Pena,Bucaramanga,7,$ 429.881
04/11/2025,Antena sectorial,Carlos Pena,Cali,3,$ 176.996
24/09/2025,ONT Fibra,Carlos Pena,Bucaramanga,1,$ 296.402
09/11/2025,Antena sectorial,Carlos Pena,Bogota,8,$ 111.623
17/02/2025,ONT Fibra,Ana Torres,Medellin,1,$ 262.450
20/12/2025,Antena sectorial,Luis Gomez,Medellin,7,$ 430.894
08/06/2026,Router WiFi 6,Luis Gomez,Medellin,2,$ 234.756
01/11/2025,ONT Fibra,Luis Gomez,Cali,8,$ 336.536
24/01/2025,Repetidor mesh,Marta Ruiz,Cali,1,$ 95.225
22/02/2025,Router WiFi 6,Carlos Pena,Bogota,3,$ 283.517
08/06/2025,ONT Fibra,Ana Torres,Medellin,2,$ 422.283
18/06/2026,Switch 24p,Luis Gomez,Barranquilla,3,$ 239.512
28/06/2025,ONT Fibra,Luis Gomez,Medellin,8,$ 384.292
09/07/2025,Cable UTP Cat6,Carlos Pena,Medellin,2,$ 313.953
14/03/2025,Switch 24p,Ana Torres,Bogota,5,$ 1.660.853
20/05/2026,Repetidor mesh,Carlos Pena,Medellin,2,$ 410.778
07/03/2025,Cable UTP Cat6,Marta Ruiz,Cali,3,$ 238.053
08/07/2026,Antena sectorial,Carlos Pena,Bogota,8,$ 2.697.666
18/07/2025,ONT Fibra,Marta Ruiz,Medellin,4,$ 657.068
19/05/2026,ONT Fibra,Luis Gomez,Medellin,6,$ 308.080
18/05/2025,Antena sectorial,Ana Torres,Bogota,6,$ 610.208
31/02/2025,Router WiFi 6,Marta Ruiz,Cali,3,$ 208.615
18/08/2026,Switch 24p,Marta Ruiz,Medellin,2,$ 436.823
31/02/2025,Antena sectorial,Ana Torres,Bogota,3,$ 361.434
02/03/2026,Switch 24p,Ana Torres,Bogota,4,$ 321.634
12/07/2026,Antena sectorial,Luis Gomez,Medellin,2,$ 165.966
06/03/2025,Router WiFi 6,Carlos Pena,Bucaramanga,6,$ 506.897
29/04/2026,Router WiFi 6,Marta Ruiz,Medellin,5,$ 67.193
02/09/2025,Router WiFi 6,Luis Gomez,Barranquilla,3,$ 527.387
23/06/2025,Cable UTP Cat6,Luis Gomez,Medellin,5,$ 160.979
29/06/2025,Antena sectorial,Marta Ruiz,Bogota,5,$ 149.579
27/12/2025,ONT Fibra,Ana Torres,Bogota,3,$ 225.776
28/12/2025,Router WiFi 6,Marta Ruiz,Medellin,3,$ 75.648
18/09/2025,Switch 24p,Ana Torres,Medellin,1,$ 769.443
17/02/2026,Cable UTP Cat6,Carlos Pena,Medellin,8,$ 46.357
25/08/2025,Switch 24p,Marta Ruiz,Cali,2,$ 177.385
17/11/2025,Antena sectorial,Luis Gomez,Cali,6,$ 88.750
08/03/2026,ONT Fibra,Marta Ruiz,Medellin,6,$ 808.034
27/09/2025,Repetidor mesh,Carlos Pena,Medellin,6,$ 390.851
27/04/2026,Antena sectorial,Luis Gomez,Bogota,3,$ 296.236
03/03/2025,Antena sectorial,Ana Torres,Cali,2,$ 303.840
03/04/2026,ONT Fibra,Ana Torres,Bogota,8,$ 192.531
04/07/2026,Router WiFi 6,Carlos Pena,Bucaramanga,1,$ 419.351
13/03/2025,Cable UTP Cat6,Luis Gomez,Medellin,8,$ 156.934
10/06/2025,Router WiFi 6,Ana Torres,Medellin,8,$ 113.875
19/07/2025,ONT Fibra,Luis Gomez,Medellin,8,$ 545.758
16/12/2025,Repetidor mesh,Luis Gomez,Medellin,8,$ 204.366
05/07/2026,ONT Fibra,Ana Torres,Bogota,8,$ 242.024
27/11/2025,Repetidor mesh,Luis Gomez,Medellin,3,$ 171.744
15/05/2025,Switch 24p,Luis Gomez,Medellin,5,-50.000
10/06/2026,Cable UTP Cat6,Ana Torres,Bogota,4,$ 81.530
12/06/2025,Switch 24p,Luis Gomez,Cali,6,$ 320.615
29/10/2025,Repetidor mesh,Marta Ruiz,Medellin,7,$ 197.815
01/10/2025,Router WiFi 6,Marta Ruiz,Barranquilla,2,$ 170.847
16/01/2025,Switch 24p,Carlos Pena,Cali,6,$ 211.796
11/04/2025,Switch 24p,Ana Torres,Medellin,1,$ 120.158
27/02/2025,Antena sectorial,Marta Ruiz,Medellin,2,$ 221.819
29/03/2025,Cable UTP Cat6,Ana Torres,Bogota,5,$ 63.033
24/03/2025,ONT Fibra,Luis Gomez,Barranquilla,5,$ 643.011
08/08/2025,Cable UTP Cat6,Marta Ruiz,Medellin,7,$ 212.668
04/10/2025,Repetidor mesh,Carlos Pena,Cali,8,$ 538.637
01/05/2025,Switch 24p,Luis Gomez,Bogota,2,$ 127.231
28/06/2026,Router WiFi 6,Ana Torres,Medellin,2,$ 321.239
06/10/2025,Cable UTP Cat6,Luis Gomez,Medellin,3,$ 275.820
02/02/2026,ONT Fibra,Marta Ruiz,Barranquilla,3,$ 349.807
26/07/2026,Router WiFi 6,Luis Gomez,Medellin,1,$ 466.117
12/05/2025,Switch 24p,Marta Ruiz,Medellin,2,$ 657.925
17/03/2025,Cable UTP Cat6,Carlos Pena,Medellin,8,$ 270.719
25/05/2025,Antena sectorial,Luis Gomez,Bogota,4,$ 602.389
16/10/2025,Repetidor mesh,Ana Torres,Bogota,8,$ 237.462
13/07/2026,Cable UTP Cat6,Carlos Pena,Medellin,5,$ 384.232
28/03/2025,ONT Fibra,Ana Torres,Cali,6,$ 133.058
18/09/2025,Router WiFi 6,Carlos Pena,Medellin,6,$ 239.105
01/02/2025,Cable UTP Cat6,Ana Torres,Bucaramanga,4,$ 316.050
17/04/2025,Repetidor mesh,Ana Torres,Barranquilla,1,$ 251.096
08/01/2025,Repetidor mesh,Luis Gomez,Cali,7,$ 141.239
14/07/2025,ONT Fibra,Luis Gomez,Cali,2,$ 1.037.721
09/01/2026,Repetidor mesh,Luis Gomez,Cali,2,$ 509.451
03/02/2025,Cable UTP Cat6,Luis Gomez,Bogota,4,$ 94.560
16/07/2025,ONT Fibra,Ana Torres,Bucaramanga,7,$ 84.482
06/01/2025,Switch 24p,Luis Gomez,Barranquilla,4,$ 152.241
02/05/2025,Cable UTP Cat6,Luis Gomez,Cali,5,$ 216.693
17/09/2025,Antena sectorial,Ana Torres,Medellin,4,$ 756.538
18/12/2025,Antena sectorial,Luis Gomez,Medellin,2,$ 163.189
15/07/2025,ONT Fibra,Ana Torres,Medellin,7,$ 217.450
15/06/2025,Repetidor mesh,Carlos Pena,Medellin,4,$ 344.927
25/07/2025,Cable UTP Cat6,Luis Gomez,Bogota,5,$ 214.668
28/09/2025,Cable UTP Cat6,Carlos Pena,Bogota,7,$ 460.003
21/12/2025,ONT Fibra,Marta Ruiz,Cali,5,$ 207.174
03/12/2025,Repetidor mesh,Marta Ruiz,Barranquilla,4,$ 114.496
24/07/2026,Antena sectorial,Ana Torres,Medellin,3,$ 164.266
18/08/2025,Router WiFi 6,Luis Gomez,Barranquilla,7,$ 1.052.951
23/04/2025,Antena sectorial,Marta Ruiz,Bogota,5,$ 269.800
19/11/2025,Cable UTP Cat6,Ana Torres,Barranquilla,8,$ 276.683
23/08/2025,Switch 24p,Ana Torres,Medellin,3,$ 1.020.641
04/01/2026,Cable UTP Cat6,Luis Gomez,Medellin,6,$ 145.861
29/01/2026,Antena sectorial,Ana Torres,Bucaramanga,7,$ 216.307
25/02/2025,Switch 24p,Ana Torres,Bogota,2,$ 253.276
18/03/2025,Repetidor mesh,Luis Gomez,Medellin,5,$ 264.889
14/05/2025,Router WiFi 6,Carlos Pena,Cali,1,$ 573.308
09/04/2025,Router WiFi 6,Marta Ruiz,Medellin,4,$ 172.672
17/06/2025,ONT Fibra,Ana Torres,Medellin,1,$ 319.738
14/04/2026,Router WiFi 6,Ana Torres,Cali,5,$ 316.620
28/10/2025,Cable UTP Cat6,Luis Gomez,Barranquilla,4,$ 293.553
13/03/2025,Repetidor mesh,Carlos Pena,Cali,2,$ 348.690
04/02/2025,Router WiFi 6,Carlos Pena,Medellin,1,$ 575.082
07/01/2025,Repetidor mesh,Luis Gomez,Medellin,2,
31/08/2025,Router WiFi 6,Luis Gomez,Medellin,7,$ 317.334
27/03/2025,Switch 24p,Ana Torres,Bogota,7,$ 69.454
06/06/2026,Repetidor mesh,Luis Gomez,Medellin,7,$ 678.596
07/08/2025,Antena sectorial,Marta Ruiz,Medellin,3,$ 263.848
18/05/2026,ONT Fibra,Ana Torres,Bogota,7,$ 367.265
13/05/2025,ONT Fibra,Carlos Pena,Cali,1,$ 478.852
23/07/2025,Switch 24p,Carlos Pena,Cali,2,$ 502.556
13/07/2026,Cable UTP Cat6,Carlos Pena,Medellin,5,$ 384.232
02/04/2026,ONT Fibra,Ana Torres,Barranquilla,8,$ 545.405
24/06/2026,ONT Fibra,Luis Gomez,Bogota,5,$ 535.891
23/04/2026,Antena sectorial,Ana Torres,Bucaramanga,3,$ 524.479
05/04/2025,Cable UTP Cat6,Carlos Pena,Medellin,6,$ 254.351
08/10/2025,ONT Fibra,Ana Torres,Medellin,5,$ 302.155
31/02/2025,Switch 24p,Carlos Pena,Barranquilla,4,$ 399.980
19/03/2025,Repetidor mesh,Carlos Pena,Barranquilla,4,$ 456.887
14/08/2025,Cable UTP Cat6,Luis Gomez,Cali,6,$ 425.530
15/01/2025,ONT Fibra,Ana Torres,Cali,3,$ 108.884
04/06/2025,Cable UTP Cat6,Ana Torres,Medellin,1,$ 197.018
03/04/2025,Switch 24p,Marta Ruiz,Medellin,3,$ 796.243
22/04/2026,Cable UTP Cat6,Ana Torres,Cali,4,$ 327.370
15/09/2025,Router WiFi 6,Carlos Pena,Medellin,7,$ 143.563
07/12/2025,Repetidor mesh,Luis Gomez,Medellin,2,$ 184.795
04/07/2026,Router WiFi 6,Luis Gomez,Medellin,5,$ 228.288
30/08/2025,Cable UTP Cat6,Luis Gomez,Medellin,8,$ 327.707
09/12/2025,ONT Fibra,Carlos Pena,Bogota,8,$ 347.121
11/04/2025,Antena sectorial,Luis Gomez,Bogota,6,$ 804.540
09/07/2026,Antena sectorial,Ana Torres,Bogota,8,$ 184.187
02/12/2025,Switch 24p,CARLOS PENA,Cali,6,$ 157.773
10/08/2025,Router WiFi 6,Ana Torres,Medellin,1,$ 472.476
03/02/2026,Cable UTP Cat6,Marta Ruiz,Medellin,7,$ 565.766
21/04/2026,Antena sectorial,Ana Torres,Medellin,1,$ 82.733
04/02/2026,Repetidor mesh,Ana Torres,Barranquilla,2,$ 815.333
07/10/2025,Repetidor mesh,Ana Torres,Medellin,5,$ 147.971
11/12/2025,Antena sectorial,Luis Gomez,Bogota,7,$ 153.311
02/07/2025,Cable UTP Cat6,Marta Ruiz,Bucaramanga,4,$ 295.457
01/08/2025,Repetidor mesh,Marta Ruiz,Medellin,3,$ 281.936
30/07/2026,Router WiFi 6,Carlos Pena,Bucaramanga,4,$ 351.669
04/02/2026,Antena sectorial,Luis Gomez,Cali,3,$ 491.995
15/03/2025,Cable UTP Cat6,Luis Gomez,Medellin,7,$ 193.313
23/04/2025,Repetidor mesh,Carlos Pena,Bogota,4,$ 105.973
22/02/2026,Repetidor mesh,Ana Torres,Cali,4,$ 664.743
28/07/2026,Antena sectorial,Carlos Pena,Bogota,8,$ 275.995
13/03/2026,Antena sectorial,Carlos Pena,Bogota,8,$ 195.904
31/03/2025,Cable UTP Cat6,Carlos Pena,Medellin,3,$ 84.036
30/03/2025,Antena sectorial,Carlos Pena,Bucaramanga,7,$ 587.226
17/05/2025,Cable UTP Cat6,Ana Torres,Bogota,4,$ 995.271
21/09/2025,Switch 24p,Marta Ruiz,Bogota,2,$ 264.921
11/11/2025,Cable UTP Cat6,Marta Ruiz,Medellin,7,$ 150.254
15/03/2026,Switch 24p,Carlos Pena,Medellin,1,$ 219.664
08/10/2025,ONT Fibra,Marta Ruiz,Medellin,2,$ 2.309.747
28/01/2026,Repetidor mesh,Ana Torres,Bogota,8,$ 141.397
25/07/2025,Cable UTP Cat6,Carlos Pena,Bogota,6,$ 205.971
06/08/2025,ONT Fibra,Carlos Pena,Bogota,3,$ 514.227
15/06/2026,Cable UTP Cat6,Luis Gomez,Bucaramanga,5,$ 122.860
27/03/2026,Router WiFi 6,Carlos Pena,Medellin,7,$ 200.911
30/01/2025,Repetidor mesh,Luis Gomez,Bogota,8,$ 276.863
24/08/2026,Cable UTP Cat6,Ana Torres,Medellin,2,$ 458.863
22/10/2025,Router WiFi 6,Ana Torres,Medellin,7,$ 672.738
25/01/2025,Repetidor mesh,Luis Gomez,Bogota,6,$ 209.749
24/05/2026,Switch 24p,Carlos Pena,Bogota,3,$ 321.240
16/02/2025,Repetidor mesh,Marta Ruiz,Medellin,2,$ 196.832
26/12/2025,Repetidor mesh,Carlos Pena,Medellin,1,$ 376.756
20/01/2026,Repetidor mesh,Carlos Pena,Medellin,8,$ 54.273
17/01/2026,ONT Fibra,Marta Ruiz,Bogota,7,$ 431.622
20/03/2025,Repetidor mesh,Luis Gomez,Medellin,8,$ 142.540
17/01/2026,Router WiFi 6,Luis Gomez,Bucaramanga,3,$ 772.072
12/04/2026,Router WiFi 6,Luis Gomez,Barranquilla,3,$ 346.715
02/04/2025,Cable UTP Cat6,Marta Ruiz,Bogota,6,$ 343.957
09/03/2025,Router WiFi 6,Marta Ruiz,Bogota,3,$ 476.306
05/11/2025,Antena sectorial,ANA TORRES,Cali,2,$ 339.224
11/06/2025,Repetidor mesh,Ana Torres,Cali,3,$ 302.867
30/08/2025,Antena sectorial,Luis Gomez,Medellin,4,$ 394.467
15/02/2026,ONT Fibra,Carlos Pena,Bogota,8,$ 233.932
11/05/2025,Repetidor mesh,Carlos Pena,Bogota,4,$ 112.962
19/08/2026,Antena sectorial,Carlos Pena,Cali,6,$ 361.548
27/06/2025,ONT Fibra,Luis Gomez,Medellin,8,$ 597.630
26/02/2026,ONT Fibra,Luis Gomez,Medellin,7,$ 327.440
13/01/2026,Router WiFi 6,Ana Torres,Cali,4,$ 499.301
12/08/2025,Router WiFi 6,Luis Gomez,Medellin,1,$ 275.725
23/05/2025,Switch 24p,Marta Ruiz,Medellin,8,$ 149.774
10/11/2025,Antena sectorial,Marta Ruiz,Medellin,1,$ 154.898
26/08/2025,ONT Fibra,Ana Torres,Medellin,1,$ 230.920
30/10/2025,Router WiFi 6,Ana Torres,Barranquilla,2,$ 310.218
20/04/2025,ONT Fibra,Ana Torres,Barranquilla,5,$ 190.341
10/04/2026,ONT Fibra,Ana Torres,Bogota,1,$ 283.608
30/12/2025,ONT Fibra,Marta Ruiz,Medellin,4,$ 318.936
10/03/2025,Cable UTP Cat6,Marta Ruiz,Barranquilla,3,$ 399.128
24/11/2025,ONT Fibra,Luis Gomez,Bogota,2,$ 165.127
20/02/2026,ONT Fibra,Marta Ruiz,Bogota,3,$ 862.242
21/06/2026,ONT Fibra,Luis Gomez,Medellin,4,$ 508.437
08/05/2025,Repetidor mesh,Luis Gomez,Cali,6,$ 768.517
23/08/2026,ONT Fibra,Carlos Pena,Bogota,3,$ 179.305
27/07/2026,Router WiFi 6,Luis Gomez,Bucaramanga,3,$ 942.965
02/06/2025,Antena sectorial,Marta Ruiz,Barranquilla,2,$ 307.883
14/01/2025,ONT Fibra,Ana Torres,Medellin,1,$ 291.703
27/04/2025,Router WiFi 6,Luis Gomez,Medellin,3,$ 179.833
24/03/2026,ONT Fibra,Carlos Pena,Cali,1,$ 1.180.005
22/09/2025,ONT Fibra,Ana Torres,Medellin,6,$ 128.940
22/03/2025,Antena sectorial,Marta Ruiz,Medellin,4,$ 140.489
23/01/2026,Switch 24p,Luis Gomez,Medellin,4,$ 943.360
24/04/2026,ONT Fibra,Ana Torres,Bucaramanga,4,$ 293.423
17/01/2025,ONT Fibra,Marta Ruiz,Bucaramanga,7,$ 113.574
17/03/2025,Switch 24p,Luis Gomez,Barranquilla,6,$ 447.096
02/10/2025,ONT Fibra,Luis Gomez,Bucaramanga,8,$ 628.466
07/11/2025,Cable UTP Cat6,Marta Ruiz,Cali,5,$ 155.405
10/06/2025,Router WiFi 6,Marta Ruiz,Medellin,3,$ 630.163
21/01/2026,Repetidor mesh,Marta Ruiz,Bogota,8,$ 118.501
08/06/2025,Router WiFi 6,Ana Torres,Cali,8,$ 417.298
06/06/2025,Repetidor mesh,Luis Gomez,Medellin,2,$ 166.097
03/01/2026,Repetidor mesh,Marta Ruiz,Bogota,1,$ 385.367
24/08/2025,Cable UTP Cat6,Ana Torres,Bogota,7,$ 166.159
16/11/2025,Antena sectorial,Luis Gomez,Medellin,6,$ 169.561
26/08/2025,Cable UTP Cat6,MARTA RUIZ,Bucaramanga,5,$ 419.784
07/01/2026,ONT Fibra,Carlos Pena,Cali,6,$ 545.449
22/08/2025,Cable UTP Cat6,Carlos Pena,Barranquilla,8,$ 347.153
06/02/2026,Repetidor mesh,Ana Torres,Medellin,4,$ 172.380
28/10/2025,Antena sectorial,Luis Gomez,Medellin,3,
20/04/2026,Antena sectorial,Carlos Pena,Cali,5,$ 578.196
31/02/2025,Router WiFi 6,Ana Torres,Barranquilla,8,$ 238.142
23/03/2025,Cable UTP Cat6,Marta Ruiz,Bogota,8,$ 376.624
19/02/2025,Router WiFi 6,Marta Ruiz,Bogota,8,$ 112.809
16/08/2025,Repetidor mesh,Carlos Pena,Barranquilla,1,$ 875.507
28/07/2026,Repetidor mesh,Marta Ruiz,Medellin,2,$ 799.342
18/07/2026,Repetidor mesh,Ana Torres,Barranquilla,4,$ 439.955
23/10/2025,Switch 24p,Carlos Pena,Medellin,1,$ 348.102
29/01/2025,Router WiFi 6,Luis Gomez,Bogota,4,$ 583.955
05/03/2026,Repetidor mesh,Marta Ruiz,Bucaramanga,4,$ 119.355
24/10/2025,Antena sectorial,Luis Gomez,Bogota,5,$ 213.307
16/03/2025,Repetidor mesh,Carlos Pena,Bogota,3,$ 360.212
24/12/2025,Router WiFi 6,Luis Gomez,Cali,6,$ 426.544
20/06/2025,Router WiFi 6,Luis Gomez,Bogota,5,$ 218.720
18/04/2026,Cable UTP Cat6,Luis Gomez,Barranquilla,8,$ 258.106
20/07/2026,ONT Fibra,Carlos Pena,Medellin,4,$ 278.255
18/10/2025,Cable UTP Cat6,Marta Ruiz,Bogota,7,$ 231.620
27/05/2025,Repetidor mesh,Luis Gomez,Medellin,7,$ 332.232
19/03/2026,Cable UTP Cat6,Marta Ruiz,Barranquilla,7,$ 231.969
11/02/2025,Cable UTP Cat6,Luis Gomez,Medellin,3,$ 288.271
21/05/2026,Router WiFi 6,Luis Gomez,Cali,6,$ 360.267
24/01/2026,Switch 24p,Luis Gomez,Medellin,8,$ 275.115
27/04/2025,Repetidor mesh,Ana Torres,Medellin,8,$ 333.445
17/07/2025,Repetidor mesh,Carlos Pena,Cali,3,$ 1.070.930
05/05/2025,Router WiFi 6,Marta Ruiz,Medellin,1,
09/02/2025,Repetidor mesh,Marta Ruiz,Barranquilla,4,$ 466.456
06/06/2026,Router WiFi 6,Luis Gomez,Bogota,6,$ 118.670
22/06/2026,ONT Fibra,Carlos Pena,Bucaramanga,1,$ 421.281
06/04/2026,ONT Fibra,Luis Gomez,Medellin,3,$ 368.233
15/04/2025,ONT Fibra,Carlos Pena,Bogota,5,$ 245.745
11/08/2026,Router WiFi 6,Luis Gomez,Medellin,4,$ 481.280
06/06/2025,Cable UTP Cat6,Luis Gomez,Medellin,4,$ 374.080
25/04/2026,Antena sectorial,Marta Ruiz,Medellin,2,$ 106.701
31/02/2025,Repetidor mesh,Carlos Pena,Medellin,1,$ 363.180
04/03/2026,ONT Fibra,Carlos Pena,Bogota,6,$ 810.638
16/06/2026,Cable UTP Cat6,Ana Torres,Bucaramanga,3,$ 194.824
09/05/2025,ONT Fibra,Carlos Pena,Bogota,3,$ 424.010
10/07/2026,Switch 24p,Marta Ruiz,Bogota,5,$ 209.013
02/05/2026,Switch 24p,Carlos Pena,Medellin,7,$ 1.678.755
07/05/2025,ONT Fibra,Marta Ruiz,Bucaramanga,4,$ 323.237
02/02/2025,Router WiFi 6,Marta Ruiz,Medellin,7,$ 319.237
22/03/2026,Switch 24p,Carlos Pena,Medellin,6,$ 1.671.556
09/04/2025,ONT Fibra,Luis Gomez,Bogota,1,$ 301.148
27/02/2026,ONT Fibra,Marta Ruiz,Cali,8,$ 428.478
06/05/2026,Cable UTP Cat6,Carlos Pena,Medellin,3,$ 404.431
03/08/2025,Repetidor mesh,Ana Torres,Bogota,6,$ 279.205
06/08/2025,Repetidor mesh,Marta Ruiz,Bogota,1,$ 1.046.863
09/06/2026,Switch 24p,Ana Torres,Medellin,7,$ 194.078
30/04/2026,Antena sectorial,Luis Gomez,Cali,7,$ 946.458
19/09/2025,ONT Fibra,Carlos Pena,Cali,5,$ 502.035
07/08/2026,Cable UTP Cat6,Luis Gomez,Medellin,3,$ 503.738
11/08/2025,Router WiFi 6,Marta Ruiz,Cali,3,$ 1.516.679
06/08/2026,Router WiFi 6,Marta Ruiz,Medellin,2,$ 431.002
14/04/2025,Cable UTP Cat6,Luis Gomez,Medellin,3,$ 186.445
06/01/2026,Switch 24p,Ana Torres,Barranquilla,6,$ 323.935
18/02/2025,Cable UTP Cat6,Luis Gomez,Bogota,8,$ 718.297
06/12/2025,Cable UTP Cat6,Marta Ruiz,Medellin,1,$ 262.513
13/03/2026,Antena sectorial,Luis Gomez,Bucaramanga,3,$ 187.573
01/12/2025,Repetidor mesh,Ana Torres,Bogota,4,$ 772.437
01/09/2025,ONT Fibra,Marta Ruiz,Bogota,6,$ 493.199
05/06/2026,ONT Fibra,Carlos Pena,Bogota,3,$ 1.099.893
10/08/2025,Repetidor mesh,Luis Gomez,Bogota,1,$ 158.656
26/10/2025,ONT Fibra,Ana Torres,Cali,6,$ 235.701
18/12/2025,Antena sectorial,Marta Ruiz,Medellin,3,$ 562.443
14/11/2025,Router WiFi 6,Marta Ruiz,Medellin,7,$ 543.618
05/08/2026,Router WiFi 6,Ana Torres,Bogota,2,$ 401.501
11/02/2026,Antena sectorial,Luis Gomez,Bogota,7,$ 233.682
22/09/2025,Cable UTP Cat6,Carlos Pena,Medellin,4,$ 115.766
05/01/2026,Antena sectorial,Luis Gomez,Medellin,3,$ 429.562
01/04/2025,Repetidor mesh,Carlos Pena,Medellin,5,$ 559.016
28/04/2026,Antena sectorial,Ana Torres,Cali,1,$ 293.897
20/07/2025,ONT Fibra,Carlos Pena,Cali,4,$ 388.703
11/07/2025,Cable UTP Cat6,Marta Ruiz,Cali,1,$ 288.000
30/05/2026,ONT Fibra,Carlos Pena,Barranquilla,1,$ 231.725
09/04/2026,Switch 24p,Marta Ruiz,Bucaramanga,5,$ 113.731
01/04/2025,Switch 24p,Carlos Pena,Cali,1,$ 165.247
29/05/2026,Switch 24p,Carlos Pena,Bogota,1,$ 421.892
09/08/2026,Switch 24p,Ana Torres,Medellin,2,$ 762.298
21/03/2025,ONT Fibra,Luis Gomez,Medellin,6,$ 318.012
27/10/2025,Cable UTP Cat6,Luis Gomez,Bogota,5,$ 193.829
15/10/2025,Switch 24p,Carlos Pena,Cali,1,$ 158.049
16/05/2026,Cable UTP Cat6,Carlos Pena,Medellin,3,$ 230.492
22/05/2026,Router WiFi 6,Carlos Pena,Cali,1,$ 170.125
03/07/2025,Cable UTP Cat6,Ana Torres,Cali,7,$ 121.384
31/07/2025,Antena sectorial,Marta Ruiz,Bogota,3,$ 280.529
12/09/2025,Repetidor mesh,Ana Torres,Barranquilla,7,$ 189.535
07/02/2026,Repetidor mesh,Marta Ruiz,Medellin,1,$ 106.951
12/07/2025,Switch 24p,Carlos Pena,Cali,8,$ 802.776
31/03/2025,Cable UTP Cat6,Ana Torres,Medellin,8,$ 549.356
20/06/2026,Antena sectorial,Ana Torres,Bogota,8,$ 655.771
03/11/2025,Router WiFi 6,Ana Torres,Cali,6,$ 716.475
31/03/2026,Cable UTP Cat6,Ana Torres,Medellin,3,$ 337.057
24/05/2025,ONT Fibra,Marta Ruiz,Medellin,1,$ 317.807
23/05/2026,ONT Fibra,Luis Gomez,Bogota,7,$ 2.123.883
22/08/2026,Antena sectorial,Luis Gomez,Barranquilla,3,$ 333.649
09/11/2025,Switch 24p,Ana Torres,Medellin,8,$ 802.233
30/06/2026,Switch 24p,Luis Gomez,Bogota,5,$ 422.482
31/01/2025,ONT Fibra,Carlos Pena,Medellin,7,$ 327.186
27/07/2025,Repetidor mesh,Carlos Pena,Medellin,6,$ 485.265
07/06/2026,ONT Fibra,Ana Torres,Medellin,4,$ 310.290
09/09/2025,ONT Fibra,Luis Gomez,Bogota,4,
20/05/2025,ONT Fibra,Luis Gomez,Bogota,5,$ 1.310.081
04/07/2025,Switch 24p,Ana Torres,Barranquilla,8,$ 1.193.055
10/01/2025,Repetidor mesh,Luis Gomez,Bucaramanga,7,$ 205.654
28/08/2025,Switch 24p,Luis Gomez,Cali,5,$ 421.627
26/05/2026,Router WiFi 6,Marta Ruiz,Bogota,3,$ 653.849
29/01/2026,ONT Fibra,Luis Gomez,Bogota,5,$ 501.135
20/02/2025,Antena sectorial,Ana Torres,Medellin,3,$ 494.863
25/09/2025,Repetidor mesh,Carlos Pena,Medellin,1,$ 725.672
07/04/2025,Antena sectorial,Luis Gomez,Barranquilla,3,$ 150.434
12/05/2026,Cable UTP Cat6,Carlos Pena,Bucaramanga,6,$ 241.317
09/01/2025,Antena sectorial,Carlos Pena,Barranquilla,6,$ 812.507
30/05/2026,ONT Fibra,Marta Ruiz,Barranquilla,2,$ 1.235.333
28/02/2026,Router WiFi 6,Ana Torres,Barranquilla,4,$ 361.141
20/07/2026,Switch 24p,Ana Torres,Barranquilla,4,$ 717.304
07/03/2025,Switch 24p,Luis Gomez,Bogota,6,$ 676.456
14/12/2025,Router WiFi 6,Marta Ruiz,Bogota,6,$ 200.545
30/10/2025,ONT Fibra,Marta Ruiz,Medellin,7,$ 541.281
26/02/2025,Antena sectorial,Marta Ruiz,Cali,6,$ 958.291
21/01/2026,Antena sectorial,Marta Ruiz,Cali,4,$ 481.371
20/08/2025,ONT Fibra,Marta Ruiz,Bogota,8,$ 1.452.878
26/07/2026,Router WiFi 6,Luis Gomez,Medellin,1,$ 466.117
06/02/2025,Antena sectorial,Ana Torres,Cali,3,
20/06/2025,Repetidor mesh,Marta Ruiz,Cali,4,$ 28.402
12/04/2025,Cable UTP Cat6,Luis Gomez,Medellin,1,$ 279.296
20/09/2025,Router WiFi 6,Carlos Pena,Bogota,6,$ 255.149
20/08/2026,Antena sectorial,Ana Torres,Bogota,2,$ 393.156
12/08/2026,Switch 24p,Luis Gomez,Medellin,4,$ 446.778
11/02/2025,Router WiFi 6,Ana Torres,Cali,7,$ 499.998
23/07/2026,Router WiFi 6,Luis Gomez,Barranquilla,8,$ 633.496
04/04/2025,ONT Fibra,Marta Ruiz,Cali,7,$ 920.294
26/04/2026,Antena sectorial,Marta Ruiz,Barranquilla,6,$ 499.745
07/03/2026,Antena sectorial,Marta Ruiz,Medellin,2,$ 226.128
10/02/2025,Router WiFi 6,Luis Gomez,Bucaramanga,2,$ 505.522
12/12/2025,ONT Fibra,Carlos Pena,Bucaramanga,1,$ 345.664
03/08/2026,ONT Fibra,Carlos Pena,Barranquilla,5,$ 982.745
17/12/2025,ONT Fibra,Marta Ruiz,Bogota,8,$ 341.407
25/12/2025,Cable UTP Cat6,Carlos Pena,Barranquilla,6,$ 128.922
01/07/2026,Repetidor mesh,Carlos Pena,Cali,8,$ 157.537
17/08/2025,Switch 24p,Marta Ruiz,Bucaramanga,6,$ 755.030
06/05/2026,Switch 24p,Luis Gomez,Bogota,5,$ 84.894
25/03/2026,Router WiFi 6,Marta Ruiz,Bucaramanga,6,$ 340.414
15/09/2025,Antena sectorial,Marta Ruiz,Medellin,2,$ 371.674
21/01/2025,Repetidor mesh,Marta Ruiz,Medellin,5,$ 260.271
05/02/2025,Cable UTP Cat6,Carlos Pena,Barranquilla,3,$ 330.258
26/03/2026,Cable UTP Cat6,Ana Torres,Bogota,5,$ 408.202
30/04/2025,Cable UTP Cat6,Marta Ruiz,Medellin,1,$ 137.899
24/01/2025,Switch 24p,Ana Torres,Barranquilla,7,$ 326.504
13/02/2025,Antena sectorial,Luis Gomez,Medellin,8,$ 182.762
20/09/2025,Cable UTP Cat6,Luis Gomez,Medellin,4,$ 309.224
16/04/2025,Repetidor mesh,Luis Gomez,Cali,7,$ 316.085
11/08/2026,Switch 24p,Carlos Pena,Cali,8,$ 710.290
29/10/2025,Repetidor mesh,Marta Ruiz,Medellin,7,$ 197.815
21/04/2025,Switch 24p,Carlos Pena,Bogota,4,$ 405.844
16/06/2025,Cable UTP Cat6,Ana Torres,Cali,2,$ 261.089
23/03/2026,Repetidor mesh,Ana Torres,Bucaramanga,8,$ 440.105
19/04/2025,Cable UTP Cat6,Luis Gomez,Bogota,3,$ 1.088.351
25/02/2026,Antena sectorial,Carlos Pena,Cali,4,$ 1.601.229
09/08/2025,Repetidor mesh,Carlos Pena,Medellin,7,$ 333.647
31/05/2026,Switch 24p,Carlos Pena,Bogota,1,$ 260.978
07/09/2025,Switch 24p,Luis Gomez,Cali,1,$ 303.149
04/10/2025,Switch 24p,Marta Ruiz,Bogota,7,$ 944.797
18/10/2025,Antena sectorial,Carlos Pena,Cali,5,$ 186.247
24/02/2026,Switch 24p,Luis Gomez,Bogota,5,$ 727.642
18/11/2025,Switch 24p,Marta Ruiz,Medellin,1,$ 1.420.323
08/04/2026,Router WiFi 6,Carlos Pena,Medellin,4,$ 636.284
03/05/2025,Switch 24p,Carlos Pena,Medellin,8,$ 309.265
18/04/2026,Cable UTP Cat6,Carlos Pena,Bogota,8,
05/09/2025,Antena sectorial,Marta Ruiz,Bucaramanga,4,$ 78.674
17/06/2026,Router WiFi 6,Ana Torres,Medellin,3,$ 155.799
09/02/2025,Switch 24p,Ana Torres,Cali,2,$ 262.812
20/04/2026,Repetidor mesh,Ana Torres,Cali,8,$ 632.054
15/04/2026,Switch 24p,Luis Gomez,Medellin,6,$ 286.720
26/04/2025,Switch 24p,Carlos Pena,Medellin,4,$ 310.427
27/01/2026,Repetidor mesh,Luis Gomez,Medellin,8,$ 303.617
04/06/2026,Switch 24p,Ana Torres,Medellin,6,$ 608.490
11/03/2026,Router WiFi 6,Luis Gomez,Cali,7,$ 310.234
04/03/2026,Router WiFi 6,Marta Ruiz,Barranquilla,1,$ 667.436
20/01/2025,Repetidor mesh,Carlos Pena,Cali,8,$ 336.668
21/07/2025,Repetidor mesh,Carlos Pena,Bogota,8,$ 284.063
24/05/2026,Cable UTP Cat6,Ana Torres,Medellin,3,$ 364.559
28/06/2026,Cable UTP Cat6,Marta Ruiz,Bogota,5,$ 456.062
16/01/2025,Switch 24p,Ana Torres,Medellin,2,$ 71.758
31/02/2025,Repetidor mesh,Carlos Pena,Cali,7,$ 459.587
31/07/2025,Switch 24p,Carlos Pena,Cali,2,$ 247.735
22/06/2025,Cable UTP Cat6,Ana Torres,Medellin,7,$ 135.238
03/06/2025,Antena sectorial,Carlos Pena,Bucaramanga,5,$ 437.476
03/03/2025,Antena sectorial,Marta Ruiz,Bucaramanga,2,$ 219.825
01/08/2026,Repetidor mesh,Ana Torres,Bogota,6,
10/10/2025,Repetidor mesh,Luis Gomez,Medellin,5,$ 212.243
02/01/2026,Repetidor mesh,Carlos Pena,Bucaramanga,3,$ 293.688
01/04/2026,Antena sectorial,Marta Ruiz,Medellin,5,$ 596.592
01/06/2025,Cable UTP Cat6,Ana Torres,Cali,4,$ 93.920
21/08/2026,Repetidor mesh,Luis Gomez,Medellin,8,$ 771.390
19/07/2026,Router WiFi 6,Luis Gomez,Medellin,2,$ 104.127
13/10/2025,Repetidor mesh,Marta Ruiz,Medellin,5,$ 135.106
29/05/2025,Antena sectorial,Ana Torres,Bogota,1,$ 168.719
09/05/2026,Repetidor mesh,Luis Gomez,Bucaramanga,8,$ 351.475
23/08/2026,ONT Fibra,Marta Ruiz,Cali,5,$ 658.379
31/12/2025,Antena sectorial,Ana Torres,Cali,3,$ 261.280
16/08/2026,Switch 24p,Carlos Pena,Bogota,7,$ 287.238
25/10/2025,Repetidor mesh,Ana Torres,Medellin,4,$ 659.143
16/06/2026,ONT Fibra,Luis Gomez,Bogota,8,$ 220.140
13/05/2025,Switch 24p,Ana Torres,Medellin,2,$ 286.886
30/07/2026,Router WiFi 6,Carlos Pena,Bucaramanga,4,$ 351.669
13/07/2025,Cable UTP Cat6,Ana Torres,Bogota,8,$ 328.172
17/02/2025,Repetidor mesh,Ana Torres,Cali,3,$ 596.847
01/11/2025,Switch 24p,Ana Torres,Bucaramanga,1,$ 154.492
30/07/2026,Antena sectorial,CARLOS PENA,Barranquilla,8,$ 2.555.016
21/02/2025,ONT Fibra,Carlos Pena,Cali,6,$ 68.386
19/01/2026,Switch 24p,Ana Torres,Bucaramanga,6,$ 734.866
26/12/2025,Cable UTP Cat6,Luis Gomez,Medellin,2,$ 130.900
16/10/2025,Switch 24p,Marta Ruiz,Bucaramanga,3,$ 245.240
05/10/2025,Switch 24p,Marta Ruiz,Bogota,8,$ 942.338
28/02/2025,Antena sectorial,Carlos Pena,Bogota,4,$ 398.647
14/07/2026,ONT Fibra,Luis Gomez,Bogota,6,$ 191.721
25/05/2026,ONT Fibra,Carlos Pena,Medellin,1,$ 572.931
14/01/2025,Antena sectorial,Carlos Pena,Bogota,5,$ 502.471
29/03/2026,ONT Fibra,Ana Torres,Bogota,3,$ 616.907
22/12/2025,Switch 24p,Ana Torres,Barranquilla,3,$ 175.625
31/10/2025,Cable UTP Cat6,Ana Torres,Cali,1,$ 547.987
20/12/2025,Antena sectorial,Luis Gomez,Cali,6,$ 311.523
30/09/2025,Router WiFi 6,Carlos Pena,Bogota,3,$ 401.805
26/11/2025,Router WiFi 6,Marta Ruiz,Medellin,5,$ 653.243
11/05/2026,Repetidor mesh,Marta Ruiz,Medellin,3,$ 254.762
03/09/2025,Antena sectorial,Ana Torres,Bucaramanga,1,$ 95.588
05/11/2025,Repetidor mesh,Marta Ruiz,Medellin,4,$ 96.070
15/03/2025,Repetidor mesh,Luis Gomez,Cali,1,-50.000
01/07/2025,Switch 24p,Luis Gomez,Barranquilla,2,$ 126.229
14/06/2026,Router WiFi 6,Ana Torres,Medellin,1,$ 1.274.898
06/07/2026,Switch 24p,Carlos Pena,Medellin,1,$ 227.489
14/06/2025,Switch 24p,Marta Ruiz,Medellin,5,$ 566.360
17/10/2025,Cable UTP Cat6,Ana Torres,Barranquilla,6,$ 333.530
26/02/2026,Switch 24p,Carlos Pena,Bogota,6,$ 355.942
19/05/2025,Antena sectorial,Marta Ruiz,Barranquilla,6,$ 616.120
09/03/2025,ONT Fibra,Luis Gomez,Bogota,2,$ 116.831
11/11/2025,Antena sectorial,Carlos Pena,Cali,6,$ 200.671
03/08/2026,Repetidor mesh,Marta Ruiz,Bucaramanga,4,$ 274.774
27/11/2025,Cable UTP Cat6,Ana Torres,Cali,1,$ 124.523
25/04/2025,Cable UTP Cat6,Carlos Pena,Medellin,2,$ 84.271
01/02/2026,ONT Fibra,Carlos Pena,Barranquilla,1,$ 204.353
26/05/2026,Cable UTP Cat6,Ana Torres,Bogota,2,$ 166.794
02/08/2025,Switch 24p,Carlos Pena,Bogota,5,$ 361.405
01/09/2025,Antena sectorial,Carlos Pena,Cali,5,$ 1.375.773
06/04/2025,Antena sectorial,Marta Ruiz,Medellin,6,$ 277.167
07/07/2025,Antena sectorial,CARLOS PENA,Barranquilla,7,$ 436.246
17/09/2025,Cable UTP Cat6,Carlos Pena,Medellin,1,$ 784.861
07/05/2026,ONT Fibra,MARTA RUIZ,Bogota,6,$ 492.850
04/03/2025,Switch 24p,Luis Gomez,Medellin,2,$ 735.456
08/05/2026,Antena sectorial,Marta Ruiz,Barranquilla,2,$ 476.743
09/07/2025,ONT Fibra,Carlos Pena,Barranquilla,4,$ 350.029
06/11/2025,ONT Fibra,Luis Gomez,Medellin,8,$ 569.886
11/03/2026,Repetidor mesh,Carlos Pena,Cali,6,
24/06/2026,Router WiFi 6,Carlos Pena,Medellin,1,$ 984.417
10/01/2026,Cable UTP Cat6,Carlos Pena,Medellin,5,$ 446.378
19/05/2025,Router WiFi 6,Marta Ruiz,Bogota,4,$ 463.273
28/09/2025,Switch 24p,Ana Torres,Bucaramanga,1,$ 258.448
18/08/2025,Router WiFi 6,Ana Torres,Cali,6,$ 407.859
04/09/2025,Router WiFi 6,Ana Torres,Medellin,4,$ 453.024
20/01/2025,Repetidor mesh,Carlos Pena,Barranquilla,4,$ 366.720
22/08/2025,Antena sectorial,Ana Torres,Bucaramanga,8,$ 121.902
02/08/2026,Cable UTP Cat6,Ana Torres,Bogota,5,$ 506.175
14/08/2025,Antena sectorial,Ana Torres,Cali,5,$ 131.516
29/07/2025,Cable UTP Cat6,Marta Ruiz,Barranquilla,4,$ 316.057
14/07/2026,Cable UTP Cat6,Ana Torres,Cali,4,$ 188.620
27/08/2025,Repetidor mesh,Ana Torres,Medellin,4,$ 289.136
15/08/2026,Router WiFi 6,Marta Ruiz,Cali,4,$ 562.778
13/06/2025,ONT Fibra,Marta Ruiz,Barranquilla,5,$ 229.598
04/08/2025,Repetidor mesh,Marta Ruiz,Cali,7,$ 175.571
01/08/2026,Router WiFi 6,Carlos Pena,Medellin,5,$ 271.987
27/06/2025,Cable UTP Cat6,Luis Gomez,Bogota,2,$ 494.574
11/03/2025,ONT Fibra,Marta Ruiz,Barranquilla,3,$ 86.790
07/04/2026,Antena sectorial,Luis Gomez,Bucaramanga,8,$ 288.693
17/08/2026,Repetidor mesh,Luis Gomez,Medellin,1,$ 323.903
22/06/2026,Router WiFi 6,Luis Gomez,Bogota,2,$ 625.184
05/03/2025,Cable UTP Cat6,Marta Ruiz,Bogota,2,$ 500.740
12/12/2025,Repetidor mesh,Marta Ruiz,Bucaramanga,1,$ 937.034
12/08/2025,Repetidor mesh,Marta Ruiz,Bogota,2,$ 287.486
28/02/2026,Router WiFi 6,Marta Ruiz,Barranquilla,3,$ 1.011.405
19/10/2025,Cable UTP Cat6,Luis Gomez,Medellin,5,$ 275.732
22/07/2026,Cable UTP Cat6,Luis Gomez,Bogota,1,$ 202.760
28/03/2026,Repetidor mesh,Marta Ruiz,Bogota,4,$ 108.892
23/11/2025,ONT Fibra,Luis Gomez,Medellin,7,$ 109.646
02/02/2026,Repetidor mesh,Luis Gomez,Bogota,5,$ 631.557
02/06/2026,Switch 24p,Carlos Pena,Medellin,6,
25/06/2026,Antena sectorial,Ana Torres,Bogota,5,$ 522.979
26/06/2025,ONT Fibra,Carlos Pena,Cali,1,$ 336.085
26/07/2025,ONT Fibra,Ana Torres,Cali,2,$ 1.103.631
15/05/2025,Repetidor mesh,Carlos Pena,Barranquilla,3,-50.000
07/04/2025,Repetidor mesh,Marta Ruiz,Bucaramanga,1,$ 712.799
27/03/2025,Cable UTP Cat6,Marta Ruiz,Cali,1,$ 284.189
29/11/2025,Router WiFi 6,Marta Ruiz,Bogota,7,$ 1.003.564
19/03/2025,Switch 24p,Luis Gomez,Bogota,8,$ 523.732
01/03/2025,Switch 24p,Carlos Pena,Cali,3,$ 264.126
20/02/2026,Repetidor mesh,Luis Gomez,Bogota,4,$ 1.317.493
11/12/2025,Repetidor mesh,Marta Ruiz,Medellin,4,$ 338.473
21/11/2025,Switch 24p,Carlos Pena,Medellin,1,$ 397.033
01/03/2026,Repetidor mesh,Ana Torres,Medellin,2,$ 1.112.468
23/02/2025,Antena sectorial,Ana Torres,Bogota,4,$ 783.192
17/08/2026,Switch 24p,Luis Gomez,Cali,8,$ 502.245
20/06/2026,Switch 24p,Luis Gomez,Bucaramanga,3,$ 357.754
05/07/2025,Antena sectorial,Ana Torres,Cali,3,$ 980.880
24/09/2025,Router WiFi 6,Marta Ruiz,Barranquilla,7,$ 402.541
17/04/2025,Antena sectorial,Luis Gomez,Bucaramanga,1,$ 237.213
11/05/2025,Router WiFi 6,Ana Torres,Medellin,3,$ 649.395
24/07/2026,Antena sectorial,Carlos Pena,Bogota,6,$ 255.683
09/05/2025,Repetidor mesh,Ana Torres,Bogota,4,$ 529.974
07/02/2025,Repetidor mesh,Luis Gomez,Barranquilla,1,$ 535.498
30/01/2025,Antena sectorial,Luis Gomez,Bogota,3,$ 194.263
09/10/2025,Router WiFi 6,Marta Ruiz,Bucaramanga,2,$ 1.134.010
29/06/2026,ONT Fibra,Ana Torres,Cali,7,$ 140.927
23/05/2025,Antena sectorial,Ana Torres,Medellin,1,$ 591.520
11/09/2025,Switch 24p,Marta Ruiz,Medellin,3,$ 1.847.659
08/11/2025,Router WiFi 6,Ana Torres,Medellin,1,$ 334.753
13/11/2025,Antena sectorial,Carlos Pena,Medellin,3,$ 191.442
14/12/2025,Switch 24p,Ana Torres,Barranquilla,5,$ 321.406
23/02/2025,ONT Fibra,Carlos Pena,Bogota,2,$ 511.858
18/06/2025,Switch 24p,Carlos Pena,Bogota,2,$ 193.497
11/01/2026,Switch 24p,Marta Ruiz,Medellin,5,-50.000
24/07/2025,ONT Fibra,Luis Gomez,Medellin,1,$ 317.172
26/01/2026,Switch 24p,Luis Gomez,Barranquilla,7,$ 1.202.064
02/07/2026,Repetidor mesh,Carlos Pena,Medellin,7,$ 316.643
14/08/2026,Antena sectorial,Carlos Pena,Cali,3,$ 366.542
31/02/2025,Cable UTP Cat6,Ana Torres,Medellin,6,$ 389.233
23/11/2025,Antena sectorial,Luis Gomez,Cali,4,$ 161.715
07/11/2025,Cable UTP Cat6,Marta Ruiz,Bogota,4,$ 90.261
08/01/2025,Repetidor mesh,Luis Gomez,Barranquilla,4,$ 310.966
10/07/2025,Router WiFi 6,Carlos Pena,Cali,4,$ 146.687
22/06/2025,Antena sectorial,Luis Gomez,Cali,5,$ 337.454
02/06/2025,Repetidor mesh,Carlos Pena,Medellin,1,$ 470.912
23/03/2026,Switch 24p,Carlos Pena,Barranquilla,4,$ 391.498
29/07/2026,Switch 24p,Ana Torres,Barranquilla,3,$ 251.978
23/01/2026,Repetidor mesh,Luis Gomez,Bogota,2,$ 225.533
30/05/2025,ONT Fibra,Luis Gomez,Medellin,4,$ 103.426
14/10/2025,Switch 24p,Carlos Pena,Cali,2,$ 772.301
07/09/2025,Cable UTP Cat6,Marta Ruiz,Barranquilla,8,$ 575.946
20/06/2026,Switch 24p,Luis Gomez,Bucaramanga,3,$ 357.754
19/02/2025,Switch 24p,Ana Torres,Medellin,1,$ 167.795
03/09/2025,Repetidor mesh,Ana Torres,Medellin,1,$ 352.889
25/01/2026,Cable UTP Cat6,Marta Ruiz,Cali,8,$ 445.360
18/01/2025,Cable UTP Cat6,Carlos Pena,Medellin,1,$ 250.651
25/02/2025,Switch 24p,Carlos Pena,Medellin,2,$ 231.671
03/01/2026,Router WiFi 6,Luis Gomez,Cali,5,$ 237.615
06/01/2025,Switch 24p,Luis Gomez,Barranquilla,4,$ 152.241
10/08/2026,Repetidor mesh,Ana Torres,Medellin,2,$ 1.915.754
29/03/2025,ONT Fibra,Luis Gomez,Barranquilla,4,$ 408.234
05/06/2025,Switch 24p,Luis Gomez,Medellin,4,$ 152.615
01/02/2025,ONT Fibra,Ana Torres,Bucaramanga,1,$ 120.260
13/12/2025,Switch 24p,Carlos Pena,Bucaramanga,1,$ 1.443.999
19/01/2026,ONT Fibra,Ana Torres,Bucaramanga,4,$ 324.620
22/01/2026,Repetidor mesh,Carlos Pena,Bogota,2,$ 137.282
13/05/2026,Repetidor mesh,Ana Torres,Bogota,2,$ 373.847
21/02/2026,Switch 24p,Luis Gomez,Bogota,5,$ 465.442
10/09/2025,ONT Fibra,Marta Ruiz,Bogota,4,$ 547.667
21/05/2025,Switch 24p,Luis Gomez,Cali,8,-50.000
25/08/2026,Router WiFi 6,Luis Gomez,Barranquilla,8,$ 180.723
08/01/2025,Repetidor mesh,Luis Gomez,Barranquilla,4,$ 310.966
28/11/2025,Switch 24p,Marta Ruiz,Medellin,8,$ 270.845
08/08/2026,Cable UTP Cat6,Marta Ruiz,Medellin,4,$ 731.077
03/02/2026,Cable UTP Cat6,Marta Ruiz,Medellin,7,$ 565.766
08/05/2026,Antena sectorial,Marta Ruiz,Barranquilla,2,$ 476.743
13/04/2026,Antena sectorial,Ana Torres,Medellin,7,$ 643.163
25/06/2025,Router WiFi 6,Ana Torres,Cali,8,$ 313.599
11/07/2025,ONT Fibra,Ana Torres,Medellin,4,$ 268.888
02/03/2026,Switch 24p,Marta Ruiz,Barranquilla,8,$ 179.045
31/01/2026,Antena sectorial,Luis Gomez,Bucaramanga,7,$ 768.860
03/07/2026,Router WiFi 6,Carlos Pena,Bucaramanga,3,$ 365.687
06/06/2026,Repetidor mesh,Luis Gomez,Medellin,7,$ 678.596
03/11/2025,Router WiFi 6,Carlos Pena,Cali,5,$ 362.902
05/08/2025,ONT Fibra,Ana Torres,Medellin,7,$ 187.089
20/10/2025,Switch 24p,Ana Torres,Bucaramanga,7,$ 160.459
21/03/2026,Router WiFi 6,Ana Torres,Cali,5,$ 925.249
22/07/2025,ONT Fibra,Marta Ruiz,Bogota,1,$ 344.803
21/10/2025,Repetidor mesh,Ana Torres,Barranquilla,1,$ 334.533
16/07/2026,Cable UTP Cat6,Ana Torres,Medellin,5,$ 81.393
22/10/2025,Antena sectorial,Luis Gomez,Bucaramanga,8,$ 110.223
08/08/2025,Repetidor mesh,Ana Torres,Cali,8,$ 385.614
29/09/2025,Repetidor mesh,Luis Gomez,Barranquilla,2,$ 742.275
29/06/2025,Cable UTP Cat6,Marta Ruiz,Bogota,7,$ 479.940
14/01/2026,Router WiFi 6,Marta Ruiz,Cali,4,$ 422.244
08/02/2026,Repetidor mesh,Carlos Pena,Bucaramanga,3,$ 351.159
22/05/2026,Repetidor mesh,Marta Ruiz,Bucaramanga,8,$ 290.045
08/07/2025,ONT Fibra,Carlos Pena,Bogota,5,$ 396.510
15/03/2026,Cable UTP Cat6,Ana Torres,Cali,6,$ 617.542
19/04/2026,Cable UTP Cat6,Luis Gomez,Bucaramanga,2,$ 1.362.860
07/01/2026,Antena sectorial,Marta Ruiz,Medellin,4,$ 259.208
16/04/2026,Antena sectorial,Marta Ruiz,Cali,4,$ 936.902
07/07/2026,Cable UTP Cat6,Ana Torres,Medellin,1,$ 380.668
12/08/2026,Switch 24p,Luis Gomez,Medellin,4,$ 446.778
07/06/2025,ONT Fibra,Ana Torres,Barranquilla,5,$ 179.655
16/06/2025,Router WiFi 6,Marta Ruiz,Medellin,4,$ 772.151
25/04/2025,Repetidor mesh,Luis Gomez,Barranquilla,8,
04/12/2025,Router WiFi 6,Luis Gomez,Medellin,2,$ 170.312
13/08/2025,Antena sectorial,Marta Ruiz,Bucaramanga,3,$ 152.929
17/05/2026,Antena sectorial,Marta Ruiz,Barranquilla,7,$ 1.129.963
14/10/2025,Switch 24p,Ana Torres,Cali,3,$ 445.174
30/12/2025,Antena sectorial,Carlos Pena,Medellin,5,$ 401.989
22/04/2025,Switch 24p,Carlos Pena,Bucaramanga,3,$ 905.778
13/04/2025,Router WiFi 6,Luis Gomez,Bogota,2,$ 316.894
04/06/2025,ONT Fibra,Luis Gomez,Bogota,2,$ 153.625
04/04/2026,Repetidor mesh,Marta Ruiz,Bogota,5,$ 174.182
08/03/2025,ONT Fibra,Marta Ruiz,Bogota,4,$ 306.157
31/05/2025,Switch 24p,Marta Ruiz,Bogota,6,$ 155.386
05/02/2026,ONT Fibra,Luis Gomez,Barranquilla,4,$ 289.735
14/04/2026,ONT Fibra,Luis Gomez,Bogota,1,$ 1.764.780
15/11/2025,Repetidor mesh,Ana Torres,Cali,5,$ 199.230
04/04/2026,Repetidor mesh,Marta Ruiz,Bogota,5,$ 174.182
08/02/2026,Repetidor mesh,Ana Torres,Barranquilla,8,$ 565.542
27/06/2026,Router WiFi 6,Carlos Pena,Medellin,3,$ 344.778
27/01/2025,Router WiFi 6,Ana Torres,Cali,5,$ 665.843
29/05/2025,Switch 24p,Marta Ruiz,Medellin,4,$ 331.015
21/02/2025,Antena sectorial,Marta Ruiz,Bogota,6,$ 215.397
31/05/2025,Antena sectorial,Ana Torres,Medellin,5,$ 284.105
26/05/2025,Antena sectorial,Carlos Pena,Cali,6,$ 65.979
19/06/2026,Antena sectorial,Marta Ruiz,Bogota,8,$ 88.216
23/09/2025,ONT Fibra,Carlos Pena,Barranquilla,4,$ 620.509
21/08/2026,Antena sectorial,Luis Gomez,Bogota,8,$ 193.515
05/09/2025,Repetidor mesh,Carlos Pena,Bucaramanga,4,$ 117.788
12/01/2025,Antena sectorial,Carlos Pena,Bogota,8,$ 322.454
11/06/2026,Switch 24p,Luis Gomez,Bogota,5,$ 125.955
20/08/2025,Switch 24p,Marta Ruiz,Cali,2,$ 290.009
16/05/2025,Repetidor mesh,Marta Ruiz,Barranquilla,1,$ 226.946
12/04/2026,Antena sectorial,Luis Gomez,Bogota,3,$ 771.661
09/06/2025,Repetidor mesh,Luis Gomez,Cali,2,$ 1.477.653
11/04/2026,Repetidor mesh,Luis Gomez,Barranquilla,5,$ 2.516.715
10/10/2025,Antena sectorial,Marta Ruiz,Cali,6,$ 390.105
31/05/2026,Switch 24p,Ana Torres,Cali,6,$ 410.034
12/02/2026,Cable UTP Cat6,Marta Ruiz,Medellin,2,$ 67.574
04/05/2026,Antena sectorial,Luis Gomez,Medellin,3,$ 154.001
21/07/2025,Antena sectorial,Luis Gomez,Barranquilla,5,$ 273.840
15/02/2025,Cable UTP Cat6,Ana Torres,Medellin,1,$ 124.718
12/02/2026,ONT Fibra,Marta Ruiz,Bogota,2,$ 191.715
13/01/2025,Router WiFi 6,Luis Gomez,Medellin,8,$ 148.330
20/10/2025,Repetidor mesh,Luis Gomez,Cali,2,$ 131.814
16/01/2025,Switch 24p,Carlos Pena,Cali,6,$ 211.796
28/05/2026,ONT Fibra,Marta Ruiz,Barranquilla,2,$ 471.237
24/08/2025,Repetidor mesh,Marta Ruiz,Medellin,1,-50.000
22/05/2025,Cable UTP Cat6,Ana Torres,Bogota,3,$ 90.302
05/03/2025,Switch 24p,Marta Ruiz,Cali,5,$ 301.430
27/07/2025,Cable UTP Cat6,Ana Torres,Medellin,2,$ 349.216
19/08/2025,Cable UTP Cat6,Marta Ruiz,Barranquilla,6,$ 508.677
14/09/2025,Switch 24p,Luis Gomez,Medellin,2,$ 298.114
21/08/2025,Cable UTP Cat6,Luis Gomez,Medellin,6,$ 215.518
13/11/2025,Cable UTP Cat6,Ana Torres,Bogota,6,$ 204.242
15/05/2026,Switch 24p,Marta Ruiz,Medellin,5,$ 1.031.053
05/01/2026,Repetidor mesh,Ana Torres,Bucaramanga,6,$ 400.939
06/02/2026,Cable UTP Cat6,Luis Gomez,Bogota,7,$ 479.613
10/04/2026,ONT Fibra,Luis Gomez,Barranquilla,2,$ 172.943
26/01/2025,Antena sectorial,Carlos Pena,Barranquilla,7,$ 144.131
04/08/2026,Cable UTP Cat6,Luis Gomez,Bucaramanga,3,$ 107.458
17/03/2026,ONT Fibra,ANA TORRES,Bogota,1,$ 186.336
25/03/2026,Repetidor mesh,Carlos Pena,Cali,5,$ 179.744
29/04/2025,Antena sectorial,Carlos Pena,Bucaramanga,4,$ 211.139
03/08/2026,Repetidor mesh,Marta Ruiz,Bucaramanga,4,$ 274.774
13/06/2026,Cable UTP Cat6,Marta Ruiz,Bucaramanga,3,$ 489.874
02/10/2025,ONT Fibra,Marta Ruiz,Bogota,3,$ 486.574
01/06/2026,Antena sectorial,Carlos Pena,Barranquilla,2,$ 1.179.105
16/07/2026,Switch 24p,Marta Ruiz,Medellin,7,$ 133.061
17/05/2025,Switch 24p,Carlos Pena,Bucaramanga,6,$ 125.487
17/07/2025,Cable UTP Cat6,Luis Gomez,Bogota,6,$ 680.653
27/01/2026,Antena sectorial,Marta Ruiz,Medellin,6,$ 336.661
13/08/2026,Antena sectorial,Ana Torres,Cali,6,$ 1.521.144
09/12/2025,Switch 24p,Carlos Pena,Medellin,5,$ 333.664
21/07/2026,Antena sectorial,Ana Torres,Medellin,1,$ 598.163
08/06/2026,ONT Fibra,Carlos Pena,Cali,6,$ 579.833
02/07/2026,Cable UTP Cat6,Marta Ruiz,Medellin,7,$ 108.503
19/12/2025,Router WiFi 6,Ana Torres,Cali,6,$ 330.331
19/08/2026,ONT Fibra,Luis Gomez,Medellin,2,$ 169.620
25/11/2025,Antena sectorial,Luis Gomez,Medellin,3,$ 618.044
30/06/2026,Cable UTP Cat6,Luis Gomez,Bogota,3,$ 1.330.280
26/06/2026,Switch 24p,Carlos Pena,Medellin,4,$ 130.791
03/04/2025,Router WiFi 6,Carlos Pena,Bogota,1,$ 98.499
13/02/2025,ONT Fibra,Marta Ruiz,Bogota,6,$ 353.422
08/04/2026,Repetidor mesh,Ana Torres,Medellin,7,$ 318.509
22/01/2025,Repetidor mesh,Carlos Pena,Bogota,8,$ 45.365
12/03/2025,Repetidor mesh,Ana Torres,Bucaramanga,7,$ 245.191
23/12/2025,Antena sectorial,Marta Ruiz,Barranquilla,2,$ 237.080
30/01/2026,Cable UTP Cat6,Marta Ruiz,Medellin,3,$ 490.278
22/02/2026,Repetidor mesh,Ana Torres,Cali,4,$ 664.743
04/06/2026,Cable UTP Cat6,Ana Torres,Cali,2,$ 635.003
16/12/2025,Switch 24p,Luis Gomez,Cali,5,$ 226.037
03/09/2025,Repetidor mesh,Ana Torres,Medellin,1,$ 352.889
29/07/2025,Repetidor mesh,Ana Torres,Medellin,5,$ 144.594
10/02/2026,Repetidor mesh,Marta Ruiz,Barranquilla,4,$ 102.510
21/06/2025,Cable UTP Cat6,Ana Torres,Medellin,4,$ 885.281
01/01/2026,ONT Fibra,Carlos Pena,Medellin,2,$ 271.496
20/11/2025,Repetidor mesh,Luis Gomez,Bucaramanga,1,$ 343.928
24/10/2025,Antena sectorial,Luis Gomez,Medellin,8,$ 166.946
10/03/2026,Router WiFi 6,Ana Torres,Medellin,4,$ 259.847
17/11/2025,Antena sectorial,Luis Gomez,Bucaramanga,3,$ 141.596
19/01/2025,Cable UTP Cat6,Marta Ruiz,Barranquilla,7,$ 115.605
15/02/2025,Repetidor mesh,Carlos Pena,Medellin,4,$ 334.127
13/04/2025,Router WiFi 6,Ana Torres,Medellin,1,$ 647.194
21/11/2025,ONT Fibra,Luis Gomez,Bucaramanga,8,$ 365.637
02/05/2026,Switch 24p,Marta Ruiz,Medellin,4,$ 386.903
15/07/2026,Router WiFi 6,Ana Torres,Cali,3,$ 275.231
10/06/2026,Switch 24p,Luis Gomez,Bucaramanga,4,$ 293.329
24/06/2025,Switch 24p,Carlos Pena,Medellin,6,$ 367.133
08/02/2025,Antena sectorial,Luis Gomez,Medellin,2,$ 319.946
31/02/2025,Antena sectorial,Marta Ruiz,Bogota,7,$ 305.005
29/04/2025,Cable UTP Cat6,Ana Torres,Medellin,1,$ 284.342
28/01/2025,Router WiFi 6,Carlos Pena,Cali,3,$ 164.040
03/05/2025,Repetidor mesh,Ana Torres,Bogota,2,$ 394.625
31/03/2026,Antena sectorial,Carlos Pena,Bogota,3,$ 439.654
10/05/2026,Router WiFi 6,Luis Gomez,Barranquilla,3,$ 301.670
25/03/2025,Cable UTP Cat6,Ana Torres,Medellin,7,$ 331.900
06/07/2025,Repetidor mesh,Luis Gomez,Bogota,5,$ 585.601
03/02/2025,Cable UTP Cat6,Luis Gomez,Bucaramanga,2,
23/07/2025,Cable UTP Cat6,Luis Gomez,Bogota,2,$ 1.029.126
24/02/2025,Repetidor mesh,Carlos Pena,Barranquilla,5,$ 238.880
28/04/2026,ONT Fibra,Luis Gomez,Bogota,6,$ 241.223
06/09/2025,ONT Fibra,Ana Torres,Medellin,7,$ 643.536
25/05/2025,Repetidor mesh,Luis Gomez,Medellin,2,$ 93.561
01/07/2025,Router WiFi 6,Marta Ruiz,Medellin,1,$ 743.537
30/07/2025,Antena sectorial,Carlos Pena,Cali,4,$ 640.123
03/05/2026,Repetidor mesh,Marta Ruiz,Medellin,1,$ 98.465
26/10/2025,Switch 24p,Luis Gomez,Medellin,3,$ 1.069.826
05/12/2025,Cable UTP Cat6,Luis Gomez,Medellin,7,$ 1.002.529
29/11/2025,Router WiFi 6,Luis Gomez,Medellin,5,$ 42.675
26/01/2025,Cable UTP Cat6,Marta Ruiz,Bogota,8,$ 163.755
10/01/2025,Switch 24p,Marta Ruiz,Cali,8,$ 186.864
06/04/2026,Repetidor mesh,Marta Ruiz,Barranquilla,4,$ 215.908
21/04/2025,ONT Fibra,Ana Torres,Medellin,6,$ 142.885
13/07/2025,ONT Fibra,Ana Torres,Medellin,4,$ 423.340
19/07/2025,Antena sectorial,Luis Gomez,Barranquilla,7,$ 359.050
18/02/2026,Router WiFi 6,Carlos Pena,Bogota,5,$ 334.821
06/07/2026,Antena sectorial,Ana Torres,Medellin,1,$ 592.267
24/02/2026,Repetidor mesh,Marta Ruiz,Barranquilla,4,$ 357.693
07/07/2025,Antena sectorial,Luis Gomez,Medellin,1,$ 46.265
17/07/2026,ONT Fibra,Ana Torres,Bogota,1,$ 288.713
09/02/2026,Antena sectorial,Carlos Pena,Medellin,6,$ 461.378
22/11/2025,ONT Fibra,Ana Torres,Medellin,8,$ 1.474.193
30/11/2025,Switch 24p,Marta Ruiz,Medellin,8,$ 525.102
05/05/2025,Antena sectorial,Marta Ruiz,Medellin,5,$ 509.379
08/07/2026,ONT Fibra,Marta Ruiz,Medellin,2,$ 816.662
13/08/2026,Antena sectorial,Ana Torres,Cali,8,$ 198.694
04/04/2026,Switch 24p,Luis Gomez,Cali,6,$ 286.237
14/05/2026,Repetidor mesh,Marta Ruiz,Medellin,8,$ 1.526.176
28/01/2025,Switch 24p,Carlos Pena,Medellin,7,$ 293.464
18/04/2025,Router WiFi 6,Carlos Pena,Cali,2,$ 111.856
06/01/2025,Repetidor mesh,Luis Gomez,Medellin,5,$ 241.633
20/05/2026,ONT Fibra,Carlos Pena,Barranquilla,3,$ 276.710
08/12/2025,Switch 24p,Luis Gomez,Bogota,5,$ 264.353
01/12/2025,ONT Fibra,Ana Torres,Bucaramanga,1,$ 157.927
28/07/2025,Antena sectorial,Ana Torres,Medellin,8,$ 256.144
15/07/2025,Switch 24p,Carlos Pena,Bogota,7,$ 246.332
11/01/2026,Router WiFi 6,Carlos Pena,Medellin,1,$ 221.194
06/10/2025,Cable UTP Cat6,Luis Gomez,Medellin,3,$ 275.820
11/10/2025,Router WiFi 6,Luis Gomez,Cali,4,$ 98.529
08/04/2025,Antena sectorial,Luis Gomez,Barranquilla,7,$ 208.192
02/06/2025,Repetidor mesh,Carlos Pena,Medellin,1,$ 470.912
06/05/2025,Router WiFi 6,Carlos Pena,Medellin,5,$ 253.305
18/07/2026,Antena sectorial,Luis Gomez,Medellin,1,$ 342.569
05/08/2026,Antena sectorial,Marta Ruiz,Medellin,6,$ 321.709
27/03/2026,Cable UTP Cat6,Luis Gomez,Bogota,8,$ 524.818
22/07/2026,Cable UTP Cat6,Carlos Pena,Medellin,1,$ 371.740
10/12/2025,Router WiFi 6,Carlos Pena,Cali,1,$ 331.344
05/05/2026,Antena sectorial,Carlos Pena,Medellin,8,$ 261.396
14/02/2026,Antena sectorial,Ana Torres,Medellin,8,$ 488.420
16/05/2026,Cable UTP Cat6,Marta Ruiz,Bogota,7,$ 649.775
23/03/2025,Repetidor mesh,Carlos Pena,Cali,6,$ 162.922
25/07/2026,Cable UTP Cat6,Ana Torres,Bogota,4,$ 216.389
05/01/2025,Repetidor mesh,MARTA RUIZ,Bucaramanga,6,$ 371.182
21/03/2025,Antena sectorial,Marta Ruiz,Barranquilla,6,$ 291.741
15/08/2026,Router WiFi 6,Carlos Pena,Cali,3,$ 696.467
05/04/2026,Antena sectorial,Luis Gomez,Medellin,3,$ 877.912
28/05/2026,Repetidor mesh,Luis Gomez,Bucaramanga,8,$ 766.160
24/04/2025,Switch 24p,Marta Ruiz,Cali,7,$ 196.448
07/05/2025,Router WiFi 6,Ana Torres,Bogota,1,$ 283.659
30/03/2026,Switch 24p,Marta Ruiz,Bogota,1,$ 212.124
09/09/2025,Switch 24p,Carlos Pena,Barranquilla,6,$ 256.941
05/07/2025,Repetidor mesh,Luis Gomez,Medellin,3,$ 231.785
17/04/2026,Antena sectorial,Ana Torres,Cali,1,$ 624.988
05/01/2025,Switch 24p,Luis Gomez,Bogota,1,$ 296.832
15/01/2026,ONT Fibra,Luis Gomez,Medellin,5,$ 541.640
29/12/2025,Cable UTP Cat6,Ana Torres,Barranquilla,2,$ 384.328
03/12/2025,Antena sectorial,Carlos Pena,Cali,3,$ 285.963
26/04/2026,Cable UTP Cat6,Marta Ruiz,Barranquilla,5,$ 217.557
16/09/2025,ONT Fibra,Luis Gomez,Bogota,6,$ 143.725
30/09/2025,Antena sectorial,Luis Gomez,Medellin,5,$ 138.168
12/01/2026,Repetidor mesh,Marta Ruiz,Barranquilla,6,$ 297.376
31/07/2026,Switch 24p,Ana Torres,Medellin,8,$ 703.948
18/01/2025,ONT Fibra,Ana Torres,Medellin,8,$ 75.090
23/06/2026,Antena sectorial,Carlos Pena,Medellin,6,$ 400.661
01/05/2025,Router WiFi 6,Carlos Pena,Cali,5,$ 862.726
15/08/2025,Router WiFi 6,Ana Torres,Medellin,7,$ 146.132
13/09/2025,Router WiFi 6,Carlos Pena,Cali,1,$ 326.250
01/01/2026,Repetidor mesh,Ana Torres,Medellin,1,-50.000
28/04/2025,Cable UTP Cat6,Ana Torres,Medellin,7,
15/12/2025,Router WiFi 6,Marta Ruiz,Medellin,1,$ 339.460
10/07/2026,Antena sectorial,Marta Ruiz,Bogota,5,$ 276.884
07/12/2025,Router WiFi 6,Carlos Pena,Bucaramanga,7,$ 85.785
15/04/2025,Router WiFi 6,Luis Gomez,Cali,3,$ 206.335
19/02/2026,Repetidor mesh,Ana Torres,Medellin,2,$ 613.525
06/10/2025,Cable UTP Cat6,Carlos Pena,Medellin,6,$ 258.118
13/02/2026,Router WiFi 6,Luis Gomez,Medellin,3,$ 285.329
22/02/2026,Antena sectorial,Marta Ruiz,Barranquilla,6,$ 461.905
07/08/2026,Switch 24p,LUIS GOMEZ,Bogota,6,$ 1.066.106
25/01/2026,Router WiFi 6,Marta Ruiz,Cali,4,$ 1.348.748
28/07/2026,Repetidor mesh,Marta Ruiz,Medellin,2,$ 799.342
06/03/2026,Cable UTP Cat6,Luis Gomez,Barranquilla,4,$ 476.968
02/08/2025,Repetidor mesh,Carlos Pena,Barranquilla,4,$ 100.825
25/06/2025,Cable UTP Cat6,Marta Ruiz,Medellin,4,$ 338.274
12/07/2026,Switch 24p,Ana Torres,Bucaramanga,6,$ 273.113
20/03/2026,ONT Fibra,Ana Torres,Cali,5,$ 268.257
15/11/2025,Cable UTP Cat6,Marta Ruiz,Bogota,3,$ 485.903
16/08/2025,Antena sectorial,Carlos Pena,Bogota,1,$ 170.086
28/12/2025,Switch 24p,Ana Torres,Medellin,8,$ 287.567
05/12/2025,Cable UTP Cat6,Ana Torres,Bogota,3,$ 656.328
26/09/2025,Cable UTP Cat6,Carlos Pena,Cali,3,$ 93.345
12/10/2025,ONT Fibra,Carlos Pena,Bogota,3,$ 722.237
10/02/2026,Router WiFi 6,Luis Gomez,Bogota,6,$ 278.580
19/03/2026,ONT Fibra,Ana Torres,Bogota,7,$ 740.690
19/11/2025,Repetidor mesh,Carlos Pena,Medellin,3,$ 422.565
12/10/2025,Router WiFi 6,Marta Ruiz,Bogota,7,$ 259.058
25/03/2025,Switch 24p,Ana Torres,Barranquilla,2,$ 358.541
12/03/2026,Cable UTP Cat6,Carlos Pena,Medellin,1,$ 845.505
02/04/2026,Cable UTP Cat6,Luis Gomez,Cali,5,$ 291.782
09/08/2026,Router WiFi 6,Luis Gomez,Medellin,7,$ 174.040
24/04/2026,Cable UTP Cat6,Marta Ruiz,Bogota,8,$ 632.149
18/03/2026,Cable UTP Cat6,Luis Gomez,Bogota,4,$ 286.271
12/06/2026,Cable UTP Cat6,Ana Torres,Cali,3,$ 512.099
24/06/2025,Router WiFi 6,Ana Torres,Bogota,5,$ 761.363
07/03/2026,ONT Fibra,Luis Gomez,Bogota,7,$ 118.346
19/06/2025,Switch 24p,Luis Gomez,Cali,6,$ 74.297
21/03/2026,Cable UTP Cat6,Marta Ruiz,Medellin,1,$ 1.999.974
08/08/2026,Cable UTP Cat6,Marta Ruiz,Medellin,4,$ 731.077
